{
    "commit": "2b824e84",
    "compilation_date": "2023-03-30T09:01:21.371430",
    "compilation_flags": {
        "float_abi": "hard",
        "fshort_enums": false,
        "short_wchar": false
    },
    "compilation_str": "{'compilation_dict':{'api':{'env':'PROD','version':'v3'},'version':{'web_api':{'env':'PROD','version':'v3'},'local_api':{'version':'2023.02.21.0','platform':'win64'},'studio':'3.3.0'},'combination':[41,256,5,1,2,2,3,0.59,0.0,0.0,1000000.0,2.02,0,0,0,3,0.96,0.1],'compilation_type':'on_board_training','compilation_flags':{'float_abi':'hard','short_wchar':false,'fshort_enums':false,'use_knowledge':false},'mcu':'cortex-m4_st_stm32f4_nucleo-f401re','sensor':'acc3','data':{'nb_cols':768,'nb_lines':[[200,150]]},'only_emulators':false,'lock_type':100,'learning_min_lines':20,'lib_version':'v2_2b824e8','class_names':'nominal,anomaly','performance':{'performance':{'score':0.964195,'precision':0.972083,'precision_confidence_interval':[0.954039,0.990127]},'memory_usage':{'estimated_ram':4092,'estimated_flash':3413,'estimated_flash_knowledge':1076}}},'sign':29662,'license_key':'***'}",
    "compilation_type": "on_board_training",
    "compile_emulators": true,
    "compile_library": true,
    "data": {
        "nb_cols": 768,
        "nb_lines": [
            [
                200,
                150
            ]
        ]
    },
    "gcc_version": "arm-none-eabi-gcc (GNU Tools for Arm Embedded Processors 9-2019-q4-major) 9.2.1 20191025 (release) [ARM/arm-9-branch revision 277599]",
    "learning_min_lines": 20,
    "lib_limited": true,
    "library_id": "64254fe2c43fb05a3219d905",
    "library_md5sum": "10e8bd89b383844eeec261ce3b3d9349",
    "mcu": "cortex-m4_st_stm32f4_nucleo-f401re",
    "mcu_cpn": "NUCLEO-F401RE",
    "mcu_family": "STM32F4",
    "mcu_type": "cortex-m4",
    "memory_usage": {
        "flash": 4461,
        "ram": 4104
    },
    "performance": {
        "memory_usage": {
            "estimated_flash": 3413,
            "estimated_flash_knowledge": 1076,
            "estimated_ram": 4092
        },
        "performance": {
            "precision": 0.972083,
            "precision_confidence_interval": [
                0.954039,
                0.990127
            ],
            "score": 0.964195
        }
    },
    "sensor": "acc3",
    "studio_info": {
        "local_api": {
            "platform": "win64",
            "version": "2023.02.21.0"
        },
        "studio": "3.3.0",
        "web_api": {
            "env": "PROD",
            "version": "v3"
        }
    },
    "user_info": {
        "company": "Manipal",
        "email": "konathalapalikavya@gmail.com",
        "first_name": "Sai Kavya",
        "last_name": "Konathalapalle"
    }
}